path,type,size_bytes,sha256_12
CALIBRATION_STATUS.md,.md,1488,ea212ae2bcf8
CAN_SIGNAL_EXCEPTION_REPORT.md,.md,2454,9877bf9fb158
DEPLOYMENT_LIMITATIONS.md,.md,1860,5b09120c426b
DEPLOYMENT_READINESS_REPORT.md,.md,3424,cc5a1773e94d
FORBIDDEN_RUNTIME_INPUTS.md,.md,1905,b7454256e86e
README.md,.md,2096,b6a14fdcb632
RUNBOOK.md,.md,2433,3771a1896c6a
SIGNAL_REQUIREMENTS.md,.md,1588,e8adfd1dc95b
SMOKE_TEST_REPORT.md,.md,2302,0735077bc629
_build_configs.py,.py,18057,d698b2edcc44
_build_manifest.py,.py,957,15b28f78e5b4
run_vehicle_pmv.py,.py,6054,f2bc4eee765b
run_vehicle_pmv_guarded.py,.py,4894,d1e8fd34e46a
runtime_input_example_full.json,.json,899,b03fed06736c
runtime_input_example_minimal.json,.json,175,bc79d97b1134
runtime_input_schema.json,.json,3861,4a51ef29069d
runtime_output_schema.json,.json,3156,542bdf714b98
config\calibration_params_preview.json,.json,671,c59568bd53b1
config\can_signal_exception_list.json,.json,3453,f894cc2ff4b1
config\signal_mapping_sig_fte.json,.json,2212,a5c5de5df90c
config\vehicle_runtime_config.json,.json,970,a7248c10ef2e
hvac_sim\__init__.py,.py,252,6902ad69104a
hvac_sim\air_speed.py,.py,7158,0f6e5e733b06
hvac_sim\airflow_pipeline.py,.py,15545,25720693d703
hvac_sim\defrost.py,.py,3804,fa18b12fe9ff
hvac_sim\defrost_post_glass.py,.py,3902,fbfbb07cc354
hvac_sim\glass_temp.py,.py,3368,91010c28276e
hvac_sim\ir_compensation.py,.py,2919,58ecf002accb
hvac_sim\occupant.py,.py,4285,0463402e5082
hvac_sim\pipeline.py,.py,20064,c08a32d0664b
hvac_sim\project_integration_status.py,.py,34535,59eed8fa8186
hvac_sim\runtime_adapter.py,.py,41046,e760aca73ffb
hvac_sim\runtime_conditioning.py,.py,9056,3dafa3bdd964
hvac_sim\runtime_diagnostics.py,.py,10727,2e2f59e092ee
hvac_sim\runtime_guard.py,.py,30360,980dc5662d35
hvac_sim\thermal_observer.py,.py,740,4356b888de31
hvac_sim\afe\__init__.py,.py,173,9eb990109794
hvac_sim\afe\actuator_based_airflow.py,.py,8977,43a46cc8077a
hvac_sim\afe\actuator_score_decoder.py,.py,3367,f2fe09bbe1bd
hvac_sim\afe\airflow_anchor_lut_m8.py,.py,11132,b9459f641413
hvac_sim\afe\airflow_mode_keys.py,.py,3424,af2bb27f7dde
hvac_sim\afe\customer_data_ingest.py,.py,30618,ce973e61c823
hvac_sim\afe\customer_data_pipeline.py,.py,23086,8abf9cd5d981
hvac_sim\afe\fan.py,.py,2029,2891a1f19ef8
hvac_sim\afe\fan_reference.py,.py,15011,c8ed4afcce62
hvac_sim\afe\flow.py,.py,6175,4a763ee65c0d
hvac_sim\afe\m8_dual_layer_decoder.py,.py,6859,9f5d460286be
hvac_sim\afe\m8_dual_layer_model.py,.py,32636,4b7d7fb09854
hvac_sim\afe\m8_dual_layer_solver.py,.py,26082,0c2596530e23
hvac_sim\afe\m8_solver_parameter_groups.py,.py,8301,c907d5351c91
hvac_sim\afe\model_version.py,.py,2385,6a22a4de2830
hvac_sim\afe\params.py,.py,2813,7bf9f9724ec8
hvac_sim\afe\physical_outlet_distribution.py,.py,8540,c292765b24c6
hvac_sim\afe\resistance.py,.py,10563,5c489af2e57e
hvac_sim\afe\runtime_decoder.py,.py,8767,60d9dae296ef
hvac_sim\afe\v2_chtd_preview.py,.py,14715,63ea05ddc7e4
hvac_sim\afe\v2_diagnostic.py,.py,13495,b8743768829e
hvac_sim\afe\v2_pmv_preview.py,.py,16742,09ed1be8cdf5
hvac_sim\afe\v2_pmv_replay.py,.py,22996,d7d6686cb7c4
hvac_sim\afe\v2_pmv_warmup_preview.py,.py,18474,e11f4d962e6f
hvac_sim\afe\v2_replay.py,.py,9854,5e65c82e91e9
hvac_sim\afe\v2_to_chtd_adapter.py,.py,15486,cf943e0a294f
hvac_sim\afe\calibration_data\__init__.py,.py,549,12b61bdde8d7
hvac_sim\afe\calibration_data\loader.py,.py,1252,801b84191689
hvac_sim\calibration\__init__.py,.py,2875,a300c174f4ba
hvac_sim\calibration\adapters.py,.py,12595,1b01f771eee9
hvac_sim\calibration\chtd_first_phase_dataset.py,.py,27834,15c0b716564a
hvac_sim\calibration\chtd_hvac_scale_adapter.py,.py,20911,96166496ca55
hvac_sim\calibration\data_prep.py,.py,18958,7eae913271cc
hvac_sim\calibration\dataset_schemas.py,.py,26629,40b262759da7
hvac_sim\calibration\de_calibration.py,.py,7886,51d8e616d5af
hvac_sim\calibration\objectives.py,.py,4075,e3226acf8a5c
hvac_sim\calibration\parameter_group_loader.py,.py,5937,7e6280c7bda7
hvac_sim\calibration\pso.py,.py,4015,7f71dff1b2b7
hvac_sim\calibration\pso_runner.py,.py,26436,037617f2d44c
hvac_sim\calibration\schema.py,.py,3835,a775bef6817b
hvac_sim\calibration\wind_speed.py,.py,13906,43908d586220
hvac_sim\chtd\__init__.py,.py,104,52cc8256c9b6
hvac_sim\chtd\bus_index.py,.py,17611,d02c3eeaedec
hvac_sim\chtd\fast_approx.py,.py,5812,b0acd7e64308
hvac_sim\chtd\feet_hvac_magnitude_audit.py,.py,24467,9d4a845e14ea
hvac_sim\chtd\feet_v5_deployable_adapter.py,.py,3018,d9764bbea420
hvac_sim\chtd\feet_v6_floor_proxy_adapter.py,.py,3938,17928f2b7f56
hvac_sim\chtd\heat_terms.py,.py,10339,a563a8128a55
hvac_sim\chtd\helpers.py,.py,13878,7086dfaa1553
hvac_sim\chtd\hvac_convection_scale_audit.py,.py,25069,df3114f44876
hvac_sim\chtd\lut.py,.py,6611,b3bd83979ecf
hvac_sim\chtd\params.py,.py,23478,54caef419d8c
hvac_sim\chtd\phase3_2_shell_head_adapter.py,.py,7930,e1c49ec30504
hvac_sim\chtd\phase3_3_shell_capacity_separated_adapter.py,.py,6536,bc84a2bcf7b9
hvac_sim\chtd\phase3_3_shell_solar_preview_params.py,.py,4931,bf58241448ec
hvac_sim\chtd\phase3_engineering_preview_params.py,.py,5783,c14368a60f31
hvac_sim\chtd\phase3_shell_solar_fix_adapter.py,.py,5138,5721115f5d19
hvac_sim\chtd\phase3_structure_adapter.py,.py,10644,da35cf825af3
hvac_sim\chtd\physical_baseline_v2_params.py,.py,6368,707d701d6bf3
hvac_sim\chtd\physical_params.py,.py,26730,215d42319cd4
hvac_sim\chtd\runtime_policy.py,.py,4581,0a96f4a1e28e
hvac_sim\chtd\safe_preview_params.py,.py,15731,15ce5083c2aa
hvac_sim\chtd\solar_gain_scale_audit.py,.py,31538,e77557a89cfa
hvac_sim\chtd\stability_audit.py,.py,50072,00d2202d39a1
hvac_sim\chtd\stability_experiments.py,.py,21542,f546ef7f1fcd
hvac_sim\chtd\thermal.py,.py,130383,91a476794b33
hvac_sim\chtd\zone_config.py,.py,4393,3599107c46df
hvac_sim\config\__init__.py,.py,1483,6b0751f8cd45
hvac_sim\config\geometry.py,.py,5487,0bbb89e7e3e0
hvac_sim\config\geometry_defaults.json,.json,2125,98d669478e84
hvac_sim\config\param_loader.py,.py,22068,c33bab7710d1
hvac_sim\config\param_mapping.py,.py,12850,1cf1ac9b73a0
hvac_sim\config\parameter_inventory.py,.py,26376,186dc64849f7
hvac_sim\core\__init__.py,.py,78,5a2d55915381
hvac_sim\core\fluid.py,.py,745,67cb878f4daa
hvac_sim\core\solver.py,.py,4764,ae7c07ded6b1
hvac_sim\data_ingest\__init__.py,.py,55,993668080d45
hvac_sim\data_ingest\mf4_signal_extractor.py,.py,20744,c608665314ed
hvac_sim\ekf\__init__.py,.py,280,07988716be00
hvac_sim\ekf\head_temp_filter.py,.py,7029,d631fdacea14
hvac_sim\interface\__init__.py,.py,30,7161ed914dfc
hvac_sim\interface\sig_variable_mapping.py,.py,54687,b27db02a88c3
hvac_sim\pmv\__init__.py,.py,409,7ba7a5184387
hvac_sim\pmv\applicability.py,.py,3579,fafa9f8006e6
hvac_sim\pmv\fanger.py,.py,3785,79e44b2faa6b
hvac_sim\pmv\interface.py,.py,2279,3db4f0b2f100
hvac_sim\pmv\reference_iso7730.py,.py,3620,bc4f43f30182
tests\expected_output_keys.json,.json,467,a7fbd03c54e6
tests\sample_input.json,.json,899,b03fed06736c
tests\smoke_test_output.json,.json,8929,f3befe44e0f5
tests\smoke_test_runtime.py,.py,5905,3731df6208d7
